35312C,Acadia,Brown
75AA94,Acapulco,Green
C0E8D5,AeroBlue,Green
745085,Affair,Violet
905E26,AfghanTan,Yellow
5D8AA8,AirForceBlue,Blue
BEB29A,Akaroa,Yellow
F2F0E6,Alabaster,Grey
E1DACB,AlbescentWhite,Yellow
954E2C,AlertTan,Orange
F0F8FF,AliceBlue,Blue
E32636,Alizarin,Red
1F6A7D,Allports,Blue
EED9C4,Almond,Yellow
9A8678,AlmondFrost,Brown
AD8A3B,Alpine,Yellow
CDC6C5,Alto,Grey
848789,Aluminium,Grey
E52B50,Amaranth,Red
387B54,Amazon,Green
FFBF00,Amber,Yellow
8A7D72,Americano,Brown
9966CC,Amethyst,Violet
95879C,AmethystSmoke,Violet
F5E6EA,Amour,Violet
7D9D72,Amulet,Green
8CCEEA,Anakiwa,Blue
6C461F,AntiqueBrass,Orange
FAEBD7,AntiqueWhite,White
C68E3F,Anzac,Yellow
D3A95C,Apache,Yellow
66B348,Apple,Green
A95249,AppleBlossom,Red
DEEADC,AppleGreen,Green
FBCEB1,Apricot,Orange
F7F0DB,ApricotWhite,Yellow
00FFFF,Aqua,Blue
D9DDD5,AquaHaze,Grey
E8F3E8,AquaSpring,Green
DBE4DC,AquaSqueeze,Grey
7FFFD4,Aquamarine,Blue
274A5D,Arapawa,Blue
484A46,Armadillo,Grey
4B5320,Armygreen,Green
827A67,Arrowtown,Yellow
3B444B,Arsenic,Grey
BEBAA7,Ash,Green
7BA05B,Asparagus,Green
EDD5A6,Astra,Yellow
376F89,Astral,Blue
445172,Astronaut,Blue
214559,AstronautBlue,Blue
DCDDDD,AthensGrey,Grey
D5CBB2,AthsSpecial,Yellow
9CD03B,Atlantis,Green
2B797A,Atoll,Green
3D4B52,Atomic,Blue
FF9966,AtomicTangerine,Orange
9E6759,AuChico,Brown
372528,Aubergine,Brown
712F2C,Auburn,Brown
EFF8AA,AustralianMint,Green
95986B,Avocado,Green
63775A,Axolotl,Green
F9C0C4,Azalea,Red
293432,Aztec,Green
F0FFFF,Azure,Blue
6FFFFF,BabyBlue,Blue
25597F,BahamaBlue,Blue
A9C01C,Bahia,Green
5C3317,BakersChocolate,Brown
849CA9,BaliHai,Blue
3C3D3E,BalticSea,Grey
FBE7B2,BananaMania,Yellow
878466,Bandicoot,Green
D2C61F,Barberry,Green
B6935C,BarleyCorn,Yellow
F7E5B7,BarleyWhite,Yellow
452E39,Barossa,Violet
2C2C32,Bastille,Blue
51574F,BattleshipGrey,Grey
7BB18D,BayLeaf,Green
353E64,BayOfMany,Blue
8F7777,Bazaar,Brown
EBB9B3,BeautyBush,Red
926F5B,Beaver,Brown
E9D7AB,Beeswax,Yellow
F5F5DC,Beige,Brown
86D2C1,Bermuda,Green
6F8C9F,BermudaGrey,Blue
BCBFA8,BerylGreen,Green
F4EFE0,Bianca,Yellow
334046,BigStone,Blue
3E8027,Bilbao,Green
AE99D2,BilobaFlower,Violet
3F3726,Birch,Yellow
D0C117,BirdFlower,Green
2F3C53,Biscay,Blue
486C7A,Bismark,Blue
B5AC94,BisonHide,Yellow
FFE4C4,Bisque,Brown
3D2B1F,Bistre,Brown
88896C,Bitter,Green
D2DB32,BitterLemon,Green
FE6F5E,Bittersweet,Orange
E7D2C8,Bizarre,Orange
000000,Black,Black
232E26,BlackBean,Green
2C3227,BlackForest,Green
E0DED7,BlackHaze,Grey
332C22,BlackMagic,Brown
383740,BlackMarlin,Blue
1E272C,BlackPearl,Blue
2C2D3C,BlackRock,Blue
532934,BlackRose,Red
24252B,BlackRussian,Grey
E5E6DF,BlackSqueeze,Grey
E5E4DB,BlackWhite,Grey
43182F,Blackberry,Violet
2E183B,Blackcurrant,Violet
D9D0C1,Blanc,Yellow
FFEBCD,BlanchedAlmond,Brown
EBE1CE,BleachWhite,Yellow
A3E3ED,BlizzardBlue,Blue
DFB1B6,Blossom,Red
0000FF,Blue,Blue
62777E,BlueBayoux,Blue
9999CC,BlueBell,Blue
E3D6E9,BlueChalk,Violet
262B2F,BlueCharcoal,Blue
408F90,BlueChill,Green
4B2D72,BlueDiamond,Violet
35514F,BlueDianne,Green
4B3C8E,BlueGem,Violet
BDBACE,BlueHaze,Violet
00626F,BlueLagoon,Green
6A5BB1,BlueMarguerite,Violet
D8F0D2,BlueRomance,Green
78857A,BlueSmoke,Green
166461,BlueStone,Green
8A2BE2,BlueViolet,Violet
1E3442,BlueWhale,Blue
3C4354,BlueZodiac,Blue
305C71,Blumine,Blue
B55067,Blush,Red
2A2725,BokaraGrey,Grey
79443B,Bole,Brown
AEAEAD,Bombay,Grey
DFD7D2,BonJour,Grey
0095B6,BondiBlue,Blue
DBC2AB,Bone,Orange
4C1C24,Bordeaux,Red
4C3D4E,Bossanova,Violet
438EAC,BostonBlue,Blue
92ACB4,Botticelli,Blue
254636,BottleGreen,Green
7C817C,Boulder,Grey
A78199,Bouquet,Violet
AF6C3E,Bourbon,Orange
5B3D27,Bracken,Brown
DCB68A,Brandy,Orange
C07C40,BrandyPunch,Orange
B6857A,BrandyRose,Red
B5A642,Brass,Yellow
517B78,BreakerBay,Green
C62D42,BrickRed,Red
F8EBDD,BridalHeath,Orange
FAE6DF,Bridesmaid,Orange
66FF00,BrightGreen,Green
57595D,BrightGrey,Grey
922A31,BrightRed,Red
ECBD2C,BrightSun,Yellow
08E8DE,BrightTurquoise,Blue
FF55A3,BrilliantRose,Red
FB607F,BrinkPink,Red
004225,BritishRacingGreen,Green
A79781,Bronco,Brown
CD7F32,Bronze,Brown
584C25,BronzeOlive,Yellow
434C28,Bronzetone,Yellow
EECC24,Broom,Yellow
A52A2A,Brown,Brown
53331E,BrownBramble,Brown
594537,BrownDerby,Brown
3C241B,BrownPod,Brown
E6F2EA,Bubbles,Green
6E5150,Buccaneer,Red
A5A88F,Bud,Green
BC9B1B,BuddhaGold,Yellow
F0DC82,Buff,Yellow
482427,BulgarianRose,Red
75442B,BullShot,Orange
292C2F,Bunker,Grey
2B3449,Bunting,Blue
800020,Burgundy,Red
DEB887,BurlyWood,Brown
234537,Burnham,Green
D08363,BurningSand,Orange
582124,BurntCrimson,Red
FF7034,BurntOrange,Orange
E97451,BurntSienna,Brown
8A3324,BurntUmber,Brown
DA9429,Buttercup,Yellow
9D702E,ButteredRum,Yellow
68578C,ButterflyBush,Violet
F6E0A4,Buttermilk,Yellow
F1EBDA,ButteryWhite,Yellow
4A2E32,CabSav,Red
CD526C,Cabaret,Red
4C5544,CabbagePont,Green
5B6F55,Cactus,Green
5F9EA0,CadetBlue,Blue
984961,Cadillac,Red
6A4928,CafeRoyale,Brown
D5B185,Calico,Brown
E98C3A,California,Orange
3D7188,Calypso,Blue
206937,Camarone,Green
803A4B,Camelot,Red
CCA483,Cameo,Brown
4F4D32,Camouflage,Yellow
78866B,CamouflageGreen,Green
D08A9B,CanCan,Red
FFFF99,Canary,Yellow
8E5164,CannonPink,Red
4E5552,CapeCod,Grey
FEE0A5,CapeHoney,Yellow
75482F,CapePalliser,Orange
AFC182,Caper,Green
592720,CaputMortuum,Brown
FFD59A,Caramel,Yellow
EBE5D5,Cararra,Green
1B3427,CardinGreen,Green
C41E3A,Cardinal,Red
C99AA0,CareysPink,Red
00CC99,CaribbeanGreen,Green
E68095,Carissma,Red
F5F9CB,Carla,Green
960018,Carmine,Red
5B3A24,CarnabyTan,Brown
FFA6C9,CarnationPink,Red
F8DBE0,CarouselPink,Red
ED9121,CarrotOrange,Orange
F0B253,Casablanca,Yellow
3F545A,Casal,Blue
8CA8A0,Cascade,Green
D1B399,Cashmere,Brown
AAB5B8,Casper,Blue
44232F,Castro,Red
273C5A,CatalinaBlue,Blue
E0E4DC,CatskillWhite,Grey
E0B8B1,CavernPink,Red
9271A7,CeSoir,Violet
463430,Cedar,Brown
ACE1AF,Celadon,Green
B4C04C,Celery,Green
D2D2C0,Celeste,Green
3A4E5F,Cello,Blue
2B3F36,Celtic,Green
857158,Cement,Brown
DE3163,Cerise,Violet
007BA7,Cerulean,Blue
2A52BE,CeruleanBlue,Blue
FDE9E0,Chablis,Red
5A6E41,ChaletGreen,Green
DFC281,Chalky,Yellow
475877,Chambray,Blue
E8CD9A,Chamois,Yellow
EED9B6,Champagne,Yellow
EDB8C7,Chantilly,Red
394043,Charade,Blue
464646,Charcoal,Grey
F8EADF,Chardon,Orange
FFC878,Chardonnay,Yellow
A4DCE6,Charlotte,Blue
D0748B,Charm,Red
7FFF00,Chartreuse,Green
DFFF00,ChartreuseYellow,Yellow
419F59,ChateauGreen,Green
B3ABB6,Chatelle,Violet
2C5971,ChathamsBlue,Blue
88A95B,ChelseaCucumber,Green
95532F,ChelseaGem,Orange
DEC371,Chenin,Yellow
F5CD82,Cherokee,Yellow
372D52,CherryPie,Violet
F5D7DC,Cherub,Red
B94E48,Chestnut,Brown
666FB4,ChetwodeBlue,Blue
5B5D56,Chicago,Grey
F0F5BB,Chiffon,Green
D05E34,ChileanFire,Orange
F9F7DE,ChileanHeath,Green
FBF3D3,ChinaIvory,Green
B8AD8A,Chino,Yellow
9DD3A8,Chinook,Green
D2691E,Chocolate,Brown
382161,Christalle,Violet
71A91D,Christi,Green
BF652E,Christine,Orange
CAC7B7,ChromeWhite,Green
7D4E38,Cigar,Brown
242A2E,Cinder,Grey
FBD7CC,Cinderella,Red
E34234,Cinnabar,Red
5D3B2E,Cioccolato,Brown
8E9A21,Citron,Green
9FB70A,Citrus,Green
D2B3A9,ClamShell,Orange
6E2233,Claret,Red
F4C8DB,ClassicRose,Violet
897E59,ClayCreek,Yellow
DFEFEA,ClearDay,Green
463623,Clinker,Brown
C2BCB1,Cloud,Yellow
353E4F,CloudBurst,Blue
B0A99F,Cloudy,Brown
47562F,Clover,Green
0047AB,Cobalt,Blue
4F3835,CocoaBean,Red
35281E,CocoaBrown,Brown
E1DABB,CoconutCream,Green
2D3032,CodGrey,Grey
726751,Coffee,Yellow
362D26,CoffeeBean,Brown
9A463D,Cognac,Red
3C2F23,Cola,Brown
9D8ABF,ColdPurple,Violet
CAB5B2,ColdTurkey,Red
9BDDFF,ColumbiaBlue,Blue
636373,Comet,Blue
4C785C,Como,Green
A0B1AE,Conch,Green
827F79,Concord,Grey
D2D1CD,Concrete,Grey
DDCB46,Confetti,Green
654D49,CongoBrown,Brown
B1DD52,Conifer,Green
C16F68,Contessa,Red
DA8A67,Copper,Red
77422C,CopperCanyon,Orange
996666,CopperRose,Violet
95524C,CopperRust,Red
FF7F50,Coral,Orange
F5D0C9,CoralCandy,Red
FF4040,CoralRed,Red
AB6E67,CoralTree,Red
404D49,Corduroy,Green
BBB58D,Coriander,Green
5A4C42,Cork,Brown
FBEC5D,Corn,Yellow
F8F3C4,CornField,Green
42426F,CornFlowerBlue,Blue
8D702A,CornHarvest,Yellow
FFF8DC,CornSilk,Yellow
93CCEA,Cornflower,Blue
6495ED,CornflowerBlue,Blue
E9BA81,Corvette,Orange
794D60,Cosmic,Violet
E1F8E7,CosmicLatte,White
FCD5CF,Cosmos,Red
625D2A,CostaDelSol,Green
FFB7D5,CottonCandy,Red
BFBAAF,CottonSeed,Yellow
1B4B35,CountyGreen,Green
443736,Cowboy,Brown
87382F,CrabApple,Red
A65648,Crail,Red
DB5079,Cranberry,Red
4D3E3C,CraterBrown,Brown
FFFDD0,Cream,White
FFE39B,CreamBrulee,Yellow
EEC051,CreamCan,Yellow
393227,Creole,Brown
77712B,Crete,Green
DC143C,Crimson,Red
706950,Crocodile,Yellow
763C33,CrownOfThorns,Red
B4E2D5,Cruise,Green
165B31,Crusoe,Green
F38653,Crusta,Orange
784430,Cumin,Orange
F5F4C1,Cumulus,Green
F5B2C5,Cupid,Red
3D85B8,CuriousBlue,Blue
5C8173,CuttySark,Green
0F4645,Cyprus,Green
EDD2A4,DairyCream,Yellow
5B3E90,DaisyBush,Violet
664A2D,Dallas,Brown
FED85D,Dandelion,Yellow
5B89C0,Danube,Blue
00008B,DarkBlue,Blue
654321,DarkBrown,Brown
08457E,DarkCerulean,Blue
986960,DarkChestnut,Red
CD5B45,DarkCoral,Orange
008B8B,DarkCyan,Green
B8860B,DarkGoldenrod,Yellow
A9A9A9,DarkGray,Grey
013220,DarkGreen,Green
4A766E,DarkGreenCopper,Green
BDB76B,DarkKhaki,Yellow
8B008B,DarkMagenta,Violet
556B2F,DarkOliveGreen,Green
FF8C00,DarkOrange,Orange
9932CC,DarkOrchid,Violet
03C03C,DarkPastelGreen,Green
E75480,DarkPink,Red
871F78,DarkPurple,Violet
8B0000,DarkRed,Red
45362B,DarkRum,Brown
E9967A,DarkSalmon,Orange
8FBC8F,DarkSeaGreen,Green
465352,DarkSlate,Green
483D8B,DarkSlateBlue,Blue
2F4F4F,DarkSlateGrey,Grey
177245,DarkSpringGreen,Green
97694F,DarkTan,Brown
FFA812,DarkTangerine,Orange
00CED1,DarkTurquoise,Blue
9400D3,DarkViolet,Violet
855E42,DarkWood,Brown
788878,DavysGrey,Grey
9F9D91,Dawn,Green
E6D6CD,DawnPink,Orange
85CA87,DeYork,Green
CCCF82,Deco,Green
E36F8A,DeepBlush,Red
51412D,DeepBronze,Brown
DA3287,DeepCerise,Violet
193925,DeepFir,Green
343467,DeepKoamaru,Violet
9955BB,DeepLilac,Violet
CC00CC,DeepMagenta,Violet
FF1493,DeepPink,Red
167E65,DeepSea,Green
00BFFF,DeepSkyBlue,Blue
19443C,DeepTeal,Green
B5998E,DelRio,Brown
486531,Dell,Green
999B95,Delta,Grey
8272A4,Deluge,Violet
1560BD,Denim,Blue
F9E4C6,Derby,Yellow
A15F3B,Desert,Orange
EDC9AF,DesertSand,Brown
EDE7E0,DesertStorm,Grey
E7F2E9,Dew,Green
322C2B,Diesel,Grey
696969,DimGray,Grey
607C47,Dingley,Green
892D4F,Disco,Red
CD8431,Dixie,Yellow
1E90FF,DodgerBlue,Blue
F5F171,Dolly,Green
6A6873,Dolphin,Violet
6C5B4C,Domino,Brown
5A4F51,DonJuan,Brown
816E5C,DonkeyBrown,Brown
6E5F56,Dorado,Brown
E4CF99,DoubleColonialWhite,Yellow
E9DCBE,DoublePearlLusta,Yellow
D2C3A3,DoubleSpanishWhite,Yellow
777672,DoveGrey,Grey
6FD2BE,Downy,Green
FBEB9B,Drover,Yellow
514F4A,Dune,Grey
E5CAC0,DustStorm,Orange
AC9B9B,DustyGrey,Grey
F0DFBB,DutchWhite,Yellow
B0AC94,Eagle,Green
B8A722,EarlsGreen,Green
FBF2DB,EarlyDawn,Yellow
47526E,EastBay,Blue
AA8CBC,EastSide,Violet
00879F,EasternBlue,Blue
E6D8D4,Ebb,Red
313337,Ebony,Grey
323438,EbonyClay,Grey
A4AFCD,EchoBlue,Blue
3F3939,Eclipse,Grey
C2B280,Ecru,Brown
D6D1C0,EcruWhite,Green
C96138,Ecstasy,Orange
266255,Eden,Green
C1D8C5,Edgewater,Green
97A49A,Edward,Green
F9E4C5,EggSour,Yellow
990066,Eggplant,Violet
1034A6,EgyptianBlue,Blue
39392C,ElPaso,Green
8F4E45,ElSalva,Red
7DF9FF,ElectricBlue,Blue
6600FF,ElectricIndigo,Violet
CCFF00,ElectricLime,Green
BF00FF,ElectricPurple,Violet
243640,Elephant,Blue
1B8A6B,ElfGreen,Green
297B76,Elm,Green
50C878,Emerald,Green
6E3974,Eminence,Violet
50494A,Emperor,Grey
7C7173,Empress,Grey
29598B,Endeavour,Blue
F5D752,EnergyYellow,Yellow
274234,EnglishHolly,Green
8BA58F,Envy,Green
DAB160,Equator,Yellow
4E312D,Espresso,Red
2D2F28,Eternity,Green
329760,Eucalyptus,Green
CDA59C,Eunry,Red
26604F,EveningSea,Green
264334,Everglade,Green
F3E5DC,FairPink,Orange
6E5A5B,Falcon,Brown
C19A6B,Fallow,Brown
801818,FaluRed,Red
F2E6DD,Fantasy,Orange
625665,Fedora,Violet
A5D785,Feijoa,Green
4D5D53,Feldgrau,Grey
D19275,Feldspar,Red
63B76C,Fern,Green
4F7942,FernGreen,Green
876A68,Ferra,Brown
EACC4A,Festival,Yellow
DBE0D0,Feta,Green
B1592F,FieryOrange,Orange
636F22,FijiGreen,Green
75785A,Finch,Green
61755B,Finlandia,Green
694554,Finn,Violet
4B5A62,Fiord,Blue
8F3F2A,Fire,Orange
B22222,FireBrick,Red
E09842,FireBush,Yellow
CE1620,FireEngineRed,Red
314643,Firefly,Green
BE5C48,FlamePea,Orange
86282E,FlameRed,Red
EA8645,Flamenco,Orange
E1634F,Flamingo,Orange
EEDC82,Flax,Yellow
716E61,Flint,Green
7A2E4D,Flirt,Red
FFFAF0,FloralWhite,White
D0EAE8,Foam,Green
D5C7E8,Fog,Violet
A7A69D,FoggyGrey,Grey
228B22,ForestGreen,Green
FDEFDB,ForgetMeNot,Yellow
65ADB2,FountainBlue,Blue
FFD7A0,Frangipani,Yellow
029D74,FreeSpeechAquamarine,Green
4156C5,FreeSpeechBlue,Blue
09F911,FreeSpeechGreen,Green
E35BD8,FreeSpeechMagenta,Red
C00000,FreeSpeechRed,Red
BFBDC1,FrenchGrey,Grey
DEB7D9,FrenchLilac,Violet
A4D2E0,FrenchPass,Blue
F64A8A,FrenchRose,Red
86837A,FriarGrey,Grey
B4E1BB,FringyFlower,Green
E56D75,Froly,Red
E1E4C5,Frost,Green
E2F2E4,FrostedMint,Green
DBE5D2,Frostee,Green
4BA351,FruitSalad,Green
C154C1,Fuchsia,Violet
FF77FF,FuchsiaPink,Red
C2D62E,Fuego,Green
D19033,FuelYellow,Yellow
335083,FunBlue,Blue
15633D,FunGreen,Green
3C3B3C,FuscousGrey,Grey
C45655,FuzzyWuzzyBrown,Brown
2C4641,GableGreen,Green
DCDCDC,Gainsboro,White
DCD7D1,Gallery,Grey
D8A723,Galliano,Yellow
E49B0F,Gamboge,Yellow
C5832E,Geebung,Yellow
31796D,Genoa,Green
E77B75,Geraldine,Red
CBD0CF,Geyser,Grey
C0BFC7,Ghost,Blue
F8F8FF,GhostWhite,White
564786,Gigas,Violet
B9AD61,Gimblet,Green
D9DFCD,Gin,Green
F8EACA,GinFizz,Yellow
EBD4AE,Givry,Yellow
78B1BF,Glacier,Blue
5F8151,GladeGreen,Green
786E4C,GoBen,Yellow
34533D,Goblin,Green
FFD700,Gold,Yellow
D56C30,GoldDrop,Orange
E2B227,GoldTips,Yellow
CA8136,GoldenBell,Orange
996515,GoldenBrown,Brown
F1CC2B,GoldenDream,Yellow
EBDE31,GoldenFizz,Green
F9D77E,GoldenGlow,Yellow
FCC200,GoldenPoppy,Yellow
EACE6A,GoldenSand,Yellow
FFC152,GoldenTainoi,Yellow
FFDF00,GoldenYellow,Yellow
DBDB70,Goldenrod,Yellow
373332,Gondola,Grey
29332B,GordonsGreen,Green
FDE336,Gorse,Green
399F86,Gossamer,Green
9FD385,Gossip,Green
698890,Gothic,Blue
51559B,GovernorBay,Blue
CAB8A2,GrainBrown,Yellow
FFCD73,Grandis,Yellow
8B8265,GraniteGreen,Yellow
C5E7CD,GrannyApple,Green
7B948C,GrannySmith,Green
9DE093,GrannySmithApple,Green
413D4B,Grape,Violet
383428,Graphite,Yellow
4A4B46,Gravel,Grey
008000,Green,Green
3E6334,GreenHouse,Green
393D2A,GreenKelp,Green
526B2D,GreenLeaf,Green
BFC298,GreenMist,Green
266242,GreenPea,Green
9CA664,GreenSmoke,Green
A9AF99,GreenSpring,Green
23414E,GreenVogue,Blue
2C2D24,GreenWaterloo,Green
DEDDCB,GreenWhite,Green
ADFF2F,GreenYellow,Green
C14D36,Grenadier,Orange
808080,Grey,Grey
9FA3A7,GreyChateau,Grey
BDBAAE,GreyNickel,Green
D1D3CC,GreyNurse,Grey
A19A7F,GreyOlive,Yellow
9391A0,GreySuit,Blue
465945,Grey-Asparagus,Green
952E31,GuardsmanRed,Red
343F5C,GulfBlue,Blue
74B2A8,GulfStream,Green
A4ADB0,GullGrey,Grey
ACC9B2,GumLeaf,Green
718F8A,Gumbo,Green
484753,GunPowder,Violet
2C3539,Gunmetal,Blue
7A7C76,Gunsmoke,Grey
989171,Gurkha,Green
9E8022,Hacienda,Yellow
633528,HairyHeath,Brown
2C2A35,Haiti,Violet
EDE7C8,HalfAndHalf,Green
558F93,HalfBaked,Blue
F2E5BF,HalfColonialWhite,Yellow
FBF0D6,HalfDutchWhite,Yellow
F1EAD7,HalfPearlLusta,Yellow
E6DBC7,HalfSpanishWhite,Yellow
E8D4A2,Hampton,Yellow
5218FA,HanPurple,Violet
3FFF00,Harlequin,Green
C93413,HarleyDavidsonOrange,Orange
CBCEC0,Harp,Green
EAB76A,HarvestGold,Yellow
3B2B2C,Havana,Brown
5784C1,HavelockBlue,Blue
99522B,HawaiianTan,Orange
D2DAED,HawkesBlue,Blue
4F2A2C,Heath,Red
AEBBC1,Heather,Blue
948C7E,HeatheredGrey,Brown
46473E,HeavyMetal,Grey
DF73FF,Heliotrope,Violet
69684B,Hemlock,Yellow
987D73,Hemp,Brown
928C3C,Highball,Green
7A9461,Highland,Green
A7A07E,Hillary,Green
736330,Himalaya,Yellow
DFF1D6,HintOfGreen,Green
F5EFEB,HintOfRed,Grey
F6F5D7,HintOfYellow,Green
49889A,HippieBlue,Blue
608A5A,HippieGreen,Green
AB495C,HippiePink,Red
A1A9A8,HitGrey,Grey
FDA470,HitPink,Orange
BB8E34,HokeyPokey,Yellow
647D86,Hoki,Blue
25342B,Holly,Green
F400A1,HollywoodCerise,Red
5C3C6D,HoneyFlower,Violet
F0FFF0,Honeydew,White
E8ED69,Honeysuckle,Green
CD6D93,Hopbush,Violet
648894,Horizon,Blue
6D562C,HorsesNeck,Yellow
815B28,HotCurry,Yellow
FF00CC,HotMagenta,Red
FF69B4,HotPink,Red
4E2E53,HotPurple,Violet
A7752C,HotToddy,Yellow
CEEFE4,HummingBird,Green
355E3B,HunterGreen,Green
8B7E77,Hurricane,Brown
B2994B,Husk,Yellow
AFE3D6,IceCold,Green
CAE1D9,Iceberg,Green
EF95AE,Illusion,Red
B0E313,InchWorm,Green
CD5C5C,IndianRed,Red
4F301F,IndianTan,Brown
4B0082,Indigo,Violet
9C5B34,Indochine,Orange
002FA7,InternationalKleinBlue,Blue
FF4F00,InternationalOrange,Orange
03B4C8,IrisBlue,Blue
62422B,IrishCoffee,Brown
CBCDCD,Iron,Grey
706E66,IronsideGrey,Grey
865040,Ironstone,Brown
009900,IslamicGreen,Green
F8EDDB,IslandSpice,Yellow
FFFFF0,Ivory,White
3D325D,Jacarta,Violet
413628,JackoBean,Brown
3D3F7D,JacksonsPurple,Violet
00A86B,Jade,Green
E27945,Jaffa,Orange
CAE7E2,JaggedIce,Green
3F2E4C,Jagger,Violet
29292F,Jaguar,Blue
674834,Jambalaya,Brown
2F7532,JapaneseLaurel,Green
CE7259,Japonica,Orange
259797,Java,Green
5F2C2F,Jazz,Red
A50B5E,JazzberryJam,Red
44798E,JellyBean,Blue
BBD0C9,JetStream,Green
136843,Jewel,Green
463D3E,Jon,Grey
EEF293,Jonquil,Green
7AAAE0,JordyBlue,Blue
5D5346,JudgeGrey,Brown
878785,Jumbo,Grey
29AB87,JungleGreen,Green
B0C4C4,JungleMist,Green
74918E,Juniper,Green
DCBFAC,JustRight,Orange
6C5E53,Kabul,Brown
245336,KaitokeGreen,Green
C5C3B0,Kangaroo,Green
2D2D24,Karaka,Green
FEDCC1,Karry,Orange
576D8E,KashmirBlue,Blue
4CBB17,KellyGreen,Green
4D503C,Kelp,Green
6C322E,KenyanCopper,Red
5FB69C,Keppel,Green
F0E68C,Khaki,Yellow
BFC0AB,Kidnapper,Green
3A3532,Kilamanjaro,Grey
49764F,Killarney,Green
695D87,Kimberly,Violet
583580,KingfisherDaisy,Violet
E093AB,Kobi,Red
7B785A,Kokoda,Green
804E2C,Korma,Orange
FEB552,Koromiko,Yellow
F9D054,Kournikova,Yellow
428929,LaPalma,Green
BAC00E,LaRioja,Green
C6DA36,LasPalmas,Green
C6A95E,Laser,Yellow
FFFF66,LaserLemon,Yellow
6E8D71,Laurel,Green
E6E6FA,Lavender,Violet
CCCCFF,LavenderBlue,Blue
FFF0F5,LavenderBlush,Violet
BDBBD7,LavenderGrey,Grey
FBAED2,LavenderPink,Red
FBA0E3,LavenderRose,Red
7CFC00,LawnGreen,Green
906A54,Leather,Brown
FDE910,Lemon,Yellow
FFFACD,LemonChiffon,Yellow
968428,LemonGinger,Yellow
999A86,LemonGrass,Green
2E3749,Licorice,Blue
ADD8E6,LightBlue,Blue
F08080,LightCoral,Orange
E0FFFF,LightCyan,Blue
EEDD82,LightGoldenrod,Yellow
FAFAD2,LightGoldenrodYellow,Yellow
90EE90,LightGreen,Green
D3D3D3,LightGrey,Grey
FFB6C1,LightPink,Red
FFA07A,LightSalmon,Orange
20B2AA,LightSeaGreen,Green
87CEFA,LightSkyBlue,Blue
8470FF,LightSlateBlue,Blue
778899,LightSlateGrey,Grey
B0C4DE,LightSteelBlue,Blue
856363,LightWood,Brown
FFFFE0,LightYellow,Yellow
F7A233,LightningYellow,Yellow
C8A2C8,Lilac,Violet
9470C4,LilacBush,Violet
C19FB3,Lily,Violet
E9EEEB,LilyWhite,Grey
7AAC21,Lima,Green
00FF00,Lime,Green
32CD32,LimeGreen,Green
5F9727,Limeade,Green
89AC27,Limerick,Green
FAF0E6,Linen,White
C7CDD8,LinkWater,Blue
962C54,Lipstick,Red
534B4F,Liver,Brown
312A29,LividBrown,Brown
DBD9C2,Loafer,Green
B3BBB7,Loblolly,Green
489084,Lochinvar,Green
316EA0,Lochmara,Blue
A2A580,Locust,Green
393E2E,LogCabin,Green
9D9CB4,Logan,Blue
B9ACBB,Lola,Violet
AE94AB,LondonHue,Violet
522426,Lonestar,Red
8B504B,Lotus,Brown
4C3347,Loulou,Violet
AB9A1C,Lucky,Green
292D4F,LuckyPoint,Blue
4E5541,LunarGreen,Green
782E2C,Lusty,Red
AB8D3F,LuxorGold,Yellow
697D89,Lynch,Blue
CBE8E8,Mabel,Blue
FFB97B,MacaroniAndCheese,Orange
B7E3A8,Madang,Green
2D3C54,Madison,Blue
473E23,Madras,Brown
FF00FF,Magenta,Violet
AAF0D1,MagicMint,Green
F8F4FF,Magnolia,White
CA3435,Mahogany,Brown
A56531,MaiTai,Orange
2A2922,Maire,Yellow
E3B982,Maize,Yellow
695F50,Makara,Brown
505555,Mako,Grey
0BDA51,Malachite,Green
97976F,MalachiteGreen,Green
66B7E1,Malibu,Blue
3A4531,Mallard,Green
A59784,Malta,Brown
766D7C,Mamba,Violet
8D90A1,Manatee,Blue
B57B2E,Mandalay,Yellow
8E2323,MandarianOrange,Orange
CD525B,Mandy,Red
F5B799,MandysPink,Orange
E77200,MangoTango,Orange
E2AF80,Manhattan,Orange
7FC15C,Mantis,Green
96A793,Mantle,Green
E4DB55,Manz,Green
352235,MardiGras,Violet
B88A3D,Marigold,Yellow
42639F,Mariner,Blue
800000,Maroon,Red
2B2E26,Marshland,Green
B7A8A3,Martini,Brown
3C3748,Martinique,Violet
EBC881,Marzipan,Yellow
57534B,Masala,Brown
365C7D,Matisse,Blue
8E4D45,Matrix,Red
524B4B,Matterhorn,Grey
E0B0FF,Mauve,Violet
915F6D,MauveTaupe,Red
F091A9,Mauvelous,Red
C8B1C0,Maverick,Violet
73C2FB,MayaBlue,Blue
8C6338,McKenzie,Orange
66CDAA,MediumAquamarine,Blue
0000CD,MediumBlue,Blue
AF4035,MediumCarmine,Red
EAEAAE,MediumGoldenrod,Yellow
BA55D3,MediumOrchid,Violet
9370DB,MediumPurple,Violet
3CB371,MediumSeaGreen,Green
7B68EE,MediumSlateBlue,Blue
00FA9A,MediumSpringGreen,Green
48D1CC,MediumTurquoise,Blue
C71585,MediumVioletRed,Red
A68064,MediumWood,Brown
E0B7C2,Melanie,Red
342931,Melanzane,Violet
FEBAAD,Melon,Red
C3B9DD,Melrose,Violet
D5D2D1,Mercury,Grey
E1DBD0,Merino,Yellow
4F4E48,Merlin,Grey
73343A,Merlot,Red
554A3C,MetallicBronze,Red
6E3D34,MetallicCopper,Red
D4AF37,MetallicGold,Yellow
BB7431,Meteor,Orange
4A3B6A,Meteorite,Violet
9B3D3D,MexicanRed,Red
666A6D,MidGrey,Grey
21303E,Midnight,Blue
191970,MidnightBlue,Blue
21263A,MidnightExpress,Blue
242E28,MidnightMoss,Green
3F3623,Mikado,Brown
F6F493,Milan,Green
9E3332,MilanoRed,Red
F3E5C0,MilkPunch,Yellow
DCD9CD,MilkWhite,Grey
595648,Millbrook,Brown
F5F5CC,Mimosa,Green
DAEA6F,Mindaro,Green
373E41,MineShaft,Blue
506355,MineralGreen,Green
407577,Ming,Green
3E3267,Minsk,Violet
F5FFFA,MintCream,White
98FF98,MintGreen,Green
E0D8A7,MintJulep,Green
C6EADD,MintTulip,Green
373F43,Mirage,Blue
A5A9B2,Mischka,Blue
BAB9A9,MistGrey,Grey
FFE4E1,MistyRose,Violet
605A67,Mobster,Violet
582F2B,Moccaccino,Red
FFE4B5,Moccasin,Yellow
6F372D,Mocha,Red
97463C,Mojo,Red
FF9889,MonaLisa,Red
6B252C,Monarch,Red
554D42,Mondo,Brown
A58B6F,Mongoose,Brown
7A7679,Monsoon,Grey
393B3C,Montana,Grey
7AC5B4,MonteCarlo,Green
8378C7,MoodyBlue,Violet
F5F3CE,MoonGlow,Green
CECDB8,MoonMist,Green
C0B2D7,MoonRaker,Violet
F0C420,MoonYellow,Yellow
9ED1D3,MorningGlory,Blue
442D21,MoroccoBrown,Brown
565051,Mortar,Grey
005F5B,Mosque,Green
ADDFAD,MossGreen,Green
1AB385,MountainMeadow,Green
A09F9C,MountainMist,Grey
997A8D,MountbattenPink,Violet
A9844F,MuddyWaters,Yellow
9E7E53,Muesli,Brown
C54B8C,Mulberry,Violet
884F40,MuleFawn,Brown
524D5B,MulledWine,Violet
FFDB58,Mustard,Yellow
D68B80,MyPink,Red
FDAE45,MySin,Yellow
21421E,Myrtle,Green
D8DDDA,Mystic,Grey
4E5D4E,Nandor,Green
A39A87,Napa,Yellow
E9E6DC,Narvik,Green
FFDEAD,NavajoWhite,Brown
000080,Navy,Blue
0066CC,NavyBlue,Blue
B8C6BE,Nebula,Green
EEC7A2,Negroni,Orange
4D4DFF,NeonBlue,Blue
FF9933,NeonCarrot,Orange
FF6EC7,NeonPink,Violet
93AAB9,Nepal,Blue
77A8AB,Neptune,Green
252525,Nero,Grey
AAA583,NeutralGreen,Green
666F6F,Nevada,Grey
6D3B24,NewAmber,Orange
00009C,NewMidnightBlue,Blue
E4C385,NewOrleans,Yellow
EBC79E,NewTan,Brown
DD8374,NewYorkPink,Red
29A98B,Niagara,Green
332E2E,NightRider,Grey
A23D54,NightShadz,Red
253F4E,NileBlue,Blue
A99D9D,Nobel,Grey
A19986,Nomad,Yellow
1D393C,Nordic,Blue
A4B88F,Norway,Green
BC9229,Nugget,Yellow
7E4A3B,Nutmeg,Brown
FCEDC5,Oasis,Yellow
008F70,Observatory,Green
4CA973,OceanGreen,Green
CC7722,Ochre,Brown
DFF0E2,OffGreen,Green
FAF3DC,OffYellow,Yellow
313330,Oil,Grey
8A3335,OldBrick,Red
73503B,OldCopper,Red
CFB53B,OldGold,Yellow
FDF5E6,OldLace,White
796878,OldLavender,Violet
C02E4C,OldRose,Red
808000,Olive,Green
6B8E23,OliveDrab,Green
B5B35C,OliveGreen,Green
888064,OliveHaze,Yellow
747028,Olivetone,Green
9AB973,Olivine,Orange
C2E6EC,Onahau,Blue
48412B,Onion,Yellow
A8C3BC,Opal,Green
987E7E,Opium,Brown
395555,Oracle,Green
FFA500,Orange,Orange
FFA000,OrangePeel,Orange
FF4500,OrangeRed,Orange
A85335,OrangeRoughy,Orange
EAE3CD,OrangeWhite,Yellow
DA70D6,Orchid,Violet
F1EBD9,OrchidWhite,Yellow
255B77,Orient,Blue
C28E88,OrientalPink,Red
D2D3B3,Orinoco,Green
818988,OsloGrey,Grey
D3DBCB,Ottoman,Green
2D383A,OuterSpace,Grey
FF6037,OutrageousOrange,Orange
28353A,OxfordBlue,Blue
6D9A78,Oxley,Green
D1EAEA,OysterBay,Blue
D4B5B0,OysterPink,Red
864B36,Paarl,Orange
7A715C,Pablo,Yellow
009DC4,PacificBlue,Blue
4F4037,Paco,Brown
7EB394,Padua,Green
682860,PalatinatePurple,Violet
987654,PaleBrown,Brown
DDADAF,PaleChestnut,Red
ABCDEF,PaleCornflowerBlue,Blue
EEE8AA,PaleGoldenrod,Yellow
98FB98,PaleGreen,Green
BDCAA8,PaleLeaf,Green
F984E5,PaleMagenta,Violet
9C8D72,PaleOyster,Brown
FADADD,PalePink,Red
F9F59F,PalePrim,Green
EFD6DA,PaleRose,Red
636D70,PaleSky,Blue
C3BEBB,PaleSlate,Grey
BC987E,PaleTaupe,Grey
AFEEEE,PaleTurquoise,Blue
DB7093,PaleVioletRed,Red
20392C,PalmGreen,Green
36482F,PalmLeaf,Green
EAE4DC,Pampas,Grey
EBF7E4,Panache,Green
DFB992,Pancho,Orange
544F3A,Panda,Yellow
FFEFD5,PapayaWhip,Yellow
7C2D37,Paprika,Red
488084,Paradiso,Green
D0C8B0,Parchment,Yellow
FBEB50,ParisDaisy,Green
312760,ParisM,Violet
BFCDC0,ParisWhite,Green
305D35,Parsley,Green
77DD77,PastelGreen,Green
639283,Patina,Green
D3E5EF,PattensBlue,Blue
2A2551,Paua,Violet
BAAB87,Pavlova,Yellow
404048,PaynesGrey,Grey
FFCBA4,Peach,Orange
FFDAB9,PeachPuff,Yellow
FFCC99,Peach-Orange,Orange
FADFAD,Peach-Yellow,Yellow
7A4434,Peanut,Brown
D1E231,Pear,Yellow
DED1C6,PearlBush,Orange
EAE0C8,PearlLusta,Yellow
766D52,Peat,Yellow
2599B2,Pelorous,Blue
D7E7D0,Peppermint,Green
ACB9E8,Perano,Blue
C2A9DB,Perfume,Violet
ACB6B2,PeriglacialBlue,Green
C3CDE6,Periwinkle,Blue
1C39BB,PersianBlue,Blue
00A693,PersianGreen,Green
32127A,PersianIndigo,Violet
F77FBE,PersianPink,Red
683332,PersianPlum,Red
CC3333,PersianRed,Red
FE28A2,PersianRose,Red
EC5800,Persimmon,Red
CD853F,Peru,Brown
733D1F,PeruTan,Orange
7A7229,Pesto,Yellow
DA9790,PetiteOrchid,Red
91A092,Pewter,Green
826663,Pharlap,Brown
F8EA97,Picasso,Green
5BA0D0,PictonBlue,Blue
FDD7E4,PigPink,Red
00A550,PigmentGreen,Green
756556,PineCone,Brown
BDC07E,PineGlade,Green
01796F,PineGreen,Green
2A2F23,PineTree,Green
FFC0CB,Pink,Red
FF66FF,PinkFlamingo,Red
D8B4B6,PinkFlare,Red
F6CCD7,PinkLace,Red
F3D7B6,PinkLady,Orange
BFB3B2,PinkSwan,Grey
9D5432,Piper,Orange
F5E6C4,Pipi,Yellow
FCDBD2,Pippin,Red
BA782A,PirateGold,Yellow
BBCDA5,PixieGreen,Green
E57F3D,Pizazz,Orange
BF8D3C,Pizza,Yellow
3E594C,Plantation,Green
DDA0DD,Plum,Violet
651C26,Pohutukawa,Red
E5F2E7,Polar,Green
8AA7CC,PoloBlue,Blue
6A1F44,Pompadour,Violet
DDDCDB,Porcelain,Grey
DF9D5B,Porsche,Orange
3B436C,PortGore,Blue
F4F09B,Portafino,Green
8B98D8,Portage,Blue
F0D555,Portica,Yellow
EFDCD4,PotPourri,Orange
845C40,PottersClay,Brown
B0E0E6,PowderBlue,Blue
883C32,PrairieSand,Red
CAB4D4,Prelude,Violet
E2CDD5,Prim,Violet
E4DE8E,Primrose,Green
F8F6DF,Promenade,Green
F6E3DA,ProvincialPink,Orange
003366,PrussianBlue,Blue
DD00FF,PsychedelicPurple,Violet
CC8899,Puce,Red
6E3326,Pueblo,Orange
59BAA3,PuertoRico,Green
BAC0B4,Pumice,Green
FF7518,Pumpkin,Orange
534931,Punga,Yellow
800080,Purple,Violet
652DC1,PurpleHeart,Violet
9678B6,PurpleMountainsMajesty,Violet
50404D,PurpleTaupe,Grey
CDAE70,Putty,Yellow
F2EDDD,QuarterPearlLusta,Green
EBE2D2,QuarterSpanishWhite,Yellow
D9D9F3,Quartz,White
C3988B,Quicksand,Brown
CBC9C0,QuillGrey,Grey
6A5445,Quincy,Brown
232F2C,RacingGreen,Green
FF355E,RadicalRed,Red
DCC6A0,Raffia,Yellow
667028,RainForest,Green
B3C1B1,Rainee,Green
FCAE60,Rajah,Orange
2B2E25,RangoonGreen,Green
6F747B,Raven,Blue
D27D46,RawSienna,Brown
734A12,RawUmber,Brown
FF33CC,RazzleDazzleRose,Red
E30B5C,Razzmatazz,Red
453430,Rebel,Brown
FF0000,Red,Red
701F28,RedBerry,Red
CB6F4A,RedDamask,Orange
662A2C,RedDevil,Red
FF3F34,RedOrange,Orange
5D1F1E,RedOxide,Red
7D4138,RedRobin,Red
AD522E,RedStage,Orange
BB3385,RedViolet,Violet
5B342E,Redwood,Red
D1EF9F,Reef,Green
A98D36,ReefGold,Yellow
203F58,RegalBlue,Blue
798488,RegentGrey,Blue
A0CDD9,RegentStBlue,Blue
F6DEDA,Remy,Red
B26E33,RenoSand,Orange
323F75,ResolutionBlue,Blue
37363F,Revolver,Violet
3D4653,Rhino,Blue
EFECDE,RiceCake,Green
EFF5D1,RiceFlower,Green
5959AB,RichBlue,Blue
A15226,RichGold,Orange
B7C61A,RioGrande,Green
89D9C8,Riptide,Green
556061,RiverBed,Blue
DDAD56,RobRoy,Yellow
00CCCC,RobinsEggBlue,Blue
5A4D41,Rock,Brown
93A2BA,RockBlue,Blue
9D442D,RockSpray,Orange
C7A384,RodeoDust,Brown
6D7876,RollingStone,Green
D8625B,Roman,Red
7D6757,RomanCoffee,Brown
F4F0E6,Romance,Grey
FFC69E,Romantic,Orange
EAB852,Ronchi,Yellow
A14743,RoofTerracotta,Red
8E593C,Rope,Orange
D3A194,Rose,Red
FEAB9A,RoseBud,Red
8A2D52,RoseBudCherry,Red
AC512D,RoseOfSharon,Orange
905D5D,RoseTaupe,Violet
FBEEE8,RoseWhite,Red
BC8F8F,RosyBrown,Brown
B69642,Roti,Yellow
A94064,Rouge,Red
4169E1,RoyalBlue,Blue
B54B73,RoyalHeath,Red
6B3FA0,RoyalPurple,Violet
E0115F,Ruby,Red
716675,Rum,Violet
F1EDD4,RumSwizzle,Green
80461B,Russet,Brown
7D655C,Russett,Brown
B7410E,Rust,Red
3A181A,RusticRed,Red
8D5F2C,RustyNail,Orange
5D4E46,Saddle,Brown
8B4513,SaddleBrown,Brown
FF6600,SafetyOrange,Orange
F4C430,Saffron,Yellow
989F7A,Sage,Green
B79826,Sahara,Yellow
A5CEEC,Sail,Blue
177B4D,Salem,Green
FA8072,Salmon,Red
FFD67B,Salomie,Yellow
696268,SaltBox,Violet
EEF3E5,Saltpan,Grey
3B2E25,Sambuca,Brown
2C6E31,SanFelix,Green
445761,SanJuan,Blue
4E6C9D,SanMarino,Blue
867665,SandDune,Brown
A3876A,Sandal,Brown
AF937D,Sandrift,Brown
786D5F,Sandstone,Brown
DECB81,Sandwisp,Yellow
FEDBB7,SandyBeach,Orange
F4A460,SandyBrown,Brown
92000A,Sangria,Red
6C3736,SanguineBrown,Red
9998A7,SantasGrey,Blue
A96A50,SanteFe,Orange
E1D5A6,Sapling,Yellow
082567,Sapphire,Blue
555B2C,Saratoga,Green
F4EAE4,Sauvignon,Red
F5DEC4,Sazerac,Orange
6F63A0,Scampi,Violet
ADD9D1,Scandal,Green
FF2400,Scarlet,Red
4A2D57,ScarletGum,Violet
7E2530,Scarlett,Red
6B6A6C,ScarpaFlow,Grey
87876F,Schist,Green
FFD800,SchoolBusYellow,Yellow
8D8478,Schooner,Brown
308EA0,Scooter,Blue
6A6466,Scorpion,Grey
EEE7C8,ScotchMist,Yellow
66FF66,ScreaminGreen,Green
3D4031,Scrub,Green
EF9548,SeaBuckthorn,Orange
DFDDD6,SeaFog,Grey
2E8B57,SeaGreen,Green
C2D5C4,SeaMist,Green
8AAEA4,SeaNymph,Green
DB817E,SeaPink,Red
77B7D0,Seagull,Blue
321414,SealBrown,Brown
69326E,Seance,Violet
FFF5EE,Seashell,White
37412A,Seaweed,Green
E6DFE7,Selago,Violet
FFBA00,SelectiveYellow,Yellow
6B4226,Semi-SweetChocolate,Brown
9E5B40,Sepia,Brown
FCE9D7,Serenade,Orange
837050,Shadow,Green
9AC0B6,ShadowGreen,Green
9F9B9D,ShadyLady,Grey
609AB8,Shakespeare,Blue
F8F6A8,Shalimar,Green
33CC99,Shamrock,Green
009E60,ShamrockGreen,Green
34363A,Shark,Grey
00494E,SherpaBlue,Green
1B4636,SherwoodGreen,Green
E6B2A6,Shilo,Red
745937,ShingleFawn,Brown
7988AB,ShipCove,Blue
4E4E4C,ShipGrey,Grey
842833,Shiraz,Red
E899BE,Shocking,Violet
FC0FC0,ShockingPink,Red
61666B,ShuttleGrey,Grey
686B50,Siam,Green
E9D9A9,Sidecar,Yellow
A0522D,Sienna,Brown
BBADA1,Silk,Brown
C0C0C0,Silver,Grey
ACAEA9,SilverChalice,Grey
BEBDB6,SilverSand,Grey
67BE90,SilverTree,Green
A6D5D0,Sinbad,Green
69293B,Siren,Red
68766E,Sirocco,Green
C5BAA0,Sisal,Yellow
9DB4AA,Skeptic,Green
87CEEB,SkyBlue,Blue
6A5ACD,SlateBlue,Blue
708090,SlateGrey,Grey
42342B,Slugger,Brown
003399,Smalt,Blue
496267,SmaltBlue,Blue
BB5F34,SmokeTree,Orange
605D6B,Smoky,Violet
FFFAFA,Snow,White
E3E3DC,SnowDrift,Grey
EAF7C9,SnowFlurry,Green
D6F0CD,SnowyMint,Green
E4D7E5,Snuff,Violet
ECE5DA,Soapstone,Grey
CFBEA5,SoftAmber,Yellow
EEDFDE,SoftPeach,Red
85494C,SolidPink,Red
EADAC2,Solitaire,Yellow
E9ECF1,Solitude,Blue
DD6B38,Sorbus,Orange
9D7F61,SorrellBrown,Brown
C9B59A,SourDough,Brown
6F634B,SoyaBean,Brown
4B433B,SpaceShuttle,Brown
7B8976,SpanishGreen,Green
DED1B7,SpanishWhite,Yellow
375D4F,Spectra,Green
6C4F3F,Spice,Brown
8B5F4D,SpicyMix,Brown
FF1CAE,SpicyPink,Red
B3C4D8,Spindle,Blue
F1D79E,Splash,Yellow
7ECDDD,Spray,Blue
A7FC00,SpringBud,Green
00FF7F,SpringGreen,Green
A3BD9C,SpringRain,Green
F1F1C6,SpringSun,Green
E9E1D9,SpringWood,Grey
B8CA9D,Sprout,Green
A2A1AC,SpunPearl,Blue
8F7D6B,Squirrel,Brown
325482,StTropaz,Blue
858885,Stack,Grey
A0A197,StarDust,Grey
D2C6B6,StarkWhite,Yellow
E3DD39,Starship,Green
4682B4,SteelBlue,Blue
43464B,SteelGrey,Grey
833D3E,Stiletto,Red
807661,Stonewall,Yellow
65645F,StormDust,Grey
747880,StormGrey,Blue
DABE82,Straw,Yellow
946A81,Strikemaster,Violet
406356,Stromboli,Green
724AA1,Studio,Violet
8C9C9C,Submarine,Blue
EEEFDF,SugarCane,Green
C6EA80,Sulu,Green
8FB69C,SummerGreen,Green
38B0DE,SummerSky,Blue
EF8E38,Sun,Orange
C4AA4D,Sundance,Yellow
F8AFA9,Sundown,Red
DAC01A,Sunflower,Yellow
C76155,Sunglo,Red
FFCC33,Sunglow,Orange
C0514A,Sunset,Red
FE4C40,SunsetOrange,Orange
FA9D49,Sunshade,Orange
FFB437,Supernova,Yellow
B8D4BB,Surf,Green
C3D6BD,SurfCrest,Green
007B77,SurfieGreen,Green
7C9F2F,Sushi,Green
8B8685,SuvaGrey,Grey
252F2F,Swamp,Green
DAE6DD,SwansDown,Grey
F9E176,SweetCorn,Yellow
EE918D,SweetPink,Red
D7CEC5,Swirl,Grey
DBD0CA,SwissCoffee,Grey
F6AE78,Tacao,Orange
D2B960,Tacha,Yellow
DC722A,TahitiGold,Orange
D8CC9B,TahunaSands,Yellow
853534,TallPoppy,Red
A39977,Tallow,Yellow
752B2F,Tamarillo,Red
D2B48C,Tan,Brown
B8B5A1,Tana,Green
1E2F3C,Tangaroa,Blue
F28500,Tangerine,Orange
FFCC00,TangerineYellow,Yellow
D46F31,Tango,Orange
7C7C72,Tapa,Green
B37084,Tapestry,Red
DEF1DD,Tara,Green
253C48,Tarawera,Blue
BAC0B3,Tasman,Grey
483C32,Taupe,Grey
8B8589,TaupeGrey,Grey
643A48,TawnyPort,Red
496569,TaxBreak,Blue
2B4B40,TePapaGreen,Green
BFB5A2,Tea,Yellow
D0F0C0,TeaGreen,Green
F883C2,TeaRose,Orange
AB8953,Teak,Yellow
008080,Teal,Blue
254855,TealBlue,Blue
3C2126,Temptress,Brown
CD5700,Tenné(Tawny),Orange
F4D0A4,Tequila,Yellow
E2725B,TerraCotta,Red
ECE67E,Texas,Green
FCB057,TexasRose,Orange
B1948F,Thatch,Brown
544E31,ThatchGreen,Yellow
D8BFD8,Thistle,Violet
4D4D4B,Thunder,Grey
923830,Thunderbird,Red
97422D,TiaMaria,Orange
B9C3BE,Tiara,Grey
184343,Tiber,Green
FC80A5,TickleMePink,Red
F0F590,Tidal,Green
BEB4AB,Tide,Brown
324336,TimberGreen,Green
D9D6CF,Timberwolf,Grey
DDD6E1,TitanWhite,Violet
9F715F,Toast,Brown
6D5843,TobaccoBrown,Brown
44362D,Tobago,Brown
3E2631,Toledo,Violet
2D2541,Tolopea,Violet
4F6348,TomThumb,Green
FF6347,Tomato,Red
E79E88,TonysPink,Orange
817C87,Topaz,Violet
FD0E35,TorchRed,Red
353D75,ToreaBay,Blue
374E88,ToryBlue,Blue
744042,Tosca,Red
9CACA5,TowerGrey,Green
6DAFA7,Tradewind,Green
DDEDE9,Tranquil,Blue
E2DDC7,Travertine,Green
E2813B,TreePoppy,Orange
7E8424,TrendyGreen,Green
805D80,TrendyPink,Violet
C54F33,Trinidad,Orange
AEC9EB,TropicalBlue,Blue
00755E,TropicalRainForest,Green
4C5356,Trout,Grey
8E72C7,TrueV,Violet
454642,Tuatara,Grey
F9D3BE,TuftBush,Orange
E3AC3D,TulipTree,Yellow
DEA681,Tumbleweed,Brown
46494E,Tuna,Grey
585452,Tundora,Grey
F5CC23,Turbo,Yellow
A56E75,TurkishRose,Red
AE9041,Turmeric,Yellow
40E0D0,Turquoise,Blue
6CDAE7,TurquoiseBlue,Blue
363E1D,TurtleGreen,Green
AD6242,Tuscany,Orange
E3E5B1,Tusk,Green
BF914B,Tussock,Yellow
F8E4E3,Tutu,Red
DAC0CD,Twilight,Violet
F4F6EC,TwilightBlue,Grey
C19156,Twine,Yellow
66023C,TyrianPurple,Violet
FF6FFF,UltraPink,Red
120A8F,Ultramarine,Blue
D4574E,Valencia,Red
382C38,Valentino,Violet
2A2B41,Valhalla,Violet
523936,VanCleef,Brown
CCB69B,Vanilla,Brown
EBD2D1,VanillaIce,Red
FDEFD3,Varden,Yellow
C80815,VenetianRed,Red
2C5778,VeniceBlue,Blue
8B7D82,Venus,Violet
62603E,Verdigris,Green
48531A,VerdunGreen,Green
FF4D00,Vermilion,Red
5C4033,VeryDarkBrown,Brown
CDCDCD,VeryLightGrey,Grey
A85533,Vesuvius,Orange
564985,Victoria,Violet
5F9228,VidaLoca,Green
4DB1C8,Viking,Blue
955264,VinRouge,Red
C58F9D,Viola,Red
2E2249,ViolentViolet,Violet
EE82EE,Violet,Violet
9F5F9F,VioletBlue,Violet
F7468A,VioletRed,Red
40826D,Viridian,Blue
4B5F56,ViridianGreen,Green
F9E496,VisVis,Yellow
97D5B3,VistaBlue,Green
E3DFD9,VistaWhite,Grey
FF9980,VividTangerine,Orange
803790,VividViolet,Violet
4E2728,Volcano,Red
443240,Voodoo,Violet
36383C,Vulcan,Grey
D4BBB1,Wafer,Orange
5B6E91,WaikawaGrey,Blue
4C4E31,Waiouru,Green
E4E2DC,WanWhite,Grey
849137,Wasabi,Green
B6ECDE,WaterLeaf,Green
006E4E,Watercourse,Green
D6CA3D,Wattle,Green
F2CDBB,Watusi,Orange
EEB39E,WaxFlower,Orange
FDD7D8,WePeep,Red
4C6B88,Wedgewood,Blue
8E3537,WellRead,Red
5C512F,WestCoast,Yellow
E5823A,WestSide,Orange
D4CFC5,Westar,Grey
F1919A,Wewak,Red
F5DEB3,Wheat,Brown
DFD7BD,Wheatfield,Yellow
D29062,Whiskey,Orange
D4915D,WhiskeySour,Orange
EFE6E6,Whisper,Grey
FFFFFF,White,White
D7EEE4,WhiteIce,Green
E7E5E8,WhiteLilac,Blue
EEE7DC,WhiteLinen,Grey
F8F6D8,WhiteNectar,Green
DAD6CC,WhitePointer,Grey
D4CFB4,WhiteRock,Green
F5F5F5,WhiteSmoke,White
7A89B8,WildBlueYonder,Blue
E3D474,WildRice,Green
E7E4DE,WildSand,Grey
FF3399,WildStrawberry,Red
FD5B78,WildWatermelon,Red
BECA60,WildWillow,Green
53736F,William,Green
DFE6CF,WillowBrook,Green
69755C,WillowGrove,Green
462C77,Windsor,Violet
522C35,WineBerry,Red
D0C383,WinterHazel,Yellow
F9E8E2,WispPink,Red
C9A0DC,Wisteria,Violet
A29ECD,Wistful,Blue
FBF073,WitchHaze,Green
302621,WoodBark,Brown
463629,Woodburn,Brown
626746,Woodland,Green
45402B,Woodrush,Yellow
2B3230,Woodsmoke,Grey
554545,WoodyBrown,Brown
75876E,Xanadu,Green
FFFF00,Yellow,Yellow
9ACD32,YellowGreen,Green
73633E,YellowMetal,Yellow
FFAE42,YellowOrange,Orange
F49F35,YellowSea,Yellow
FFC5BB,YourPink,Red
826A21,YukonGold,Yellow
C7B882,Yuma,Yellow
6B5A5A,Zambezi,Brown
B2C6B1,Zanah,Green
C6723B,Zest,Orange
3B3C38,Zeus,Grey
81A6AA,Ziggurat,Blue
EBC2AF,Zinnwaldite,Brown
DEE3E3,Zircon,Grey
DDC283,Zombie,Yellow
A29589,Zorba,Brown
17462E,Zuccini,Green
CDD5D5,Zumthor,Grey